股票名, 代码, 时间戳, 上市时间
SZ300689, 澄天伟业, 1502208000, 2017-08-09 00:00:00
SZ300688, 创业黑马, 1502294400, 2017-08-10 00:00:00
SZ300690, 双一科技, 1502121600, 2017-08-08 00:00:00
SH603458, 勘设股份, 1502208000, 2017-08-09 00:00:00
SZ300683, 海特生物, 1502121600, 2017-08-08 00:00:00
SH603602, 纵横通信, 1502294400, 2017-08-10 00:00:00
SH603535, 嘉诚国际, 1502121600, 2017-08-08 00:00:00
SZ300686, 智动力, 1501776000, 2017-08-04 00:00:00
SH603978, 深圳新星, 1502035200, 2017-08-07 00:00:00
SH603880, 南卫股份, 1502035200, 2017-08-07 00:00:00
SZ300687, 赛意信息, 1501689600, 2017-08-03 00:00:00
SZ300685, 艾德生物, 1501603200, 2017-08-02 00:00:00
SZ002890, 弘宇股份, 1501603200, 2017-08-02 00:00:00
SH603860, 中公高科, 1501603200, 2017-08-02 00:00:00
SH603825, 华扬联众, 1501603200, 2017-08-02 00:00:00
SZ300682, 朗新科技, 1501516800, 2017-08-01 00:00:00
SZ002887, 绿茵生态, 1501516800, 2017-08-01 00:00:00
SH603357, 设计总院, 1501516800, 2017-08-01 00:00:00
SZ300679, 电连技术, 1501430400, 2017-07-31 00:00:00
SH603233, 大参林, 1501430400, 2017-07-31 00:00:00
SZ002889, 东方嘉盛, 1501430400, 2017-07-31 00:00:00
SH603730, 岱美股份, 1501171200, 2017-07-28 00:00:00
SH603063, 禾望电气, 1501171200, 2017-07-28 00:00:00
SZ300681, 英搏尔, 1500912000, 2017-07-25 00:00:00
SZ300680, 隆盛科技, 1500912000, 2017-07-25 00:00:00
SZ300678, 中科信息, 1501171200, 2017-07-28 00:00:00
SZ300677, 英科医疗, 1500566400, 2017-07-21 00:00:00
SZ002888, 惠威科技, 1500566400, 2017-07-21 00:00:00
SH603676, 卫信康, 1500566400, 2017-07-21 00:00:00
SH601619, 嘉泽新能, 1500480000, 2017-07-20 00:00:00
SH603707, 健友股份, 1500393600, 2017-07-19 00:00:00
SH603612, 索通发展, 1500307200, 2017-07-18 00:00:00
SZ300676, 华大基因, 1499961600, 2017-07-14 00:00:00
SZ300675, 建科院, 1500393600, 2017-07-19 00:00:00
SH603387, 基蛋生物, 1500220800, 2017-07-17 00:00:00
SZ300673, 佩蒂股份, 1499702400, 2017-07-11 00:00:00
SH603595, 东尼电子, 1499788800, 2017-07-12 00:00:00
SZ002884, 凌霄泵业, 1499702400, 2017-07-11 00:00:00
SH603757, 大元泵业, 1499702400, 2017-07-11 00:00:00
SZ300672, 国科微, 1499788800, 2017-07-12 00:00:00
SH603305, 旭升股份, 1499616000, 2017-07-10 00:00:00
SH603933, 睿能科技, 1499270400, 2017-07-06 00:00:00
SZ300671, 富满电子, 1499184000, 2017-07-05 00:00:00
SH603331, 百达精工, 1499184000, 2017-07-05 00:00:00
SZ300670, 大烨智能, 1499011200, 2017-07-03 00:00:00
SH603617, 君禾股份, 1499011200, 2017-07-03 00:00:00
SH603801, 志邦股份, 1498752000, 2017-06-30 00:00:00
SZ300669, 沪宁股份, 1498665600, 2017-06-29 00:00:00
SH603938, 三孚股份, 1498579200, 2017-06-28 00:00:00
SZ002885, 京泉华, 1498492800, 2017-06-27 00:00:00
SH603286, 日盈电子, 1498492800, 2017-06-27 00:00:00
SH603043, 广州酒家, 1498492800, 2017-06-27 00:00:00
SZ002886, 沃特股份, 1498492800, 2017-06-27 00:00:00
SZ002882, 金龙羽, 1500220800, 2017-07-17 00:00:00
SH601878, 浙商证券, 1498406400, 2017-06-26 00:00:00
SH603380, 易德龙, 1498060800, 2017-06-22 00:00:00
SZ002881, 美格智能, 1498060800, 2017-06-22 00:00:00
SH603679, 华体科技, 1497974400, 2017-06-21 00:00:00
SH603335, 迪生力, 1497888000, 2017-06-20 00:00:00
SZ002883, 中设股份, 1497888000, 2017-06-20 00:00:00
SZ300667, 必创科技, 1497801600, 2017-06-19 00:00:00
SH603316, 诚邦股份, 1497801600, 2017-06-19 00:00:00
SZ300668, 杰恩设计, 1497801600, 2017-06-19 00:00:00
SZ300666, 江丰电子, 1497456000, 2017-06-15 00:00:00
SH603980, 吉华集团, 1497456000, 2017-06-15 00:00:00
SH603226, 菲林格尔, 1497456000, 2017-06-15 00:00:00
SZ002880, 卫光生物, 1497542400, 2017-06-16 00:00:00
SH603879, 永悦科技, 1497369600, 2017-06-14 00:00:00
SH603536, 惠发股份, 1497283200, 2017-06-13 00:00:00
SH603767, 中马传动, 1497283200, 2017-06-13 00:00:00
SZ002879, 长缆科技, 1499356800, 2017-07-07 00:00:00
SZ300665, 飞鹿股份, 1497283200, 2017-06-13 00:00:00
SZ300662, 科锐国际, 1496851200, 2017-06-08 00:00:00
SZ300663, 科蓝软件, 1496851200, 2017-06-08 00:00:00
SH603496, 恒为科技, 1496764800, 2017-06-07 00:00:00
SZ002877, 智能自控, 1496592000, 2017-06-05 00:00:00
SZ300661, 圣邦股份, 1496678400, 2017-06-06 00:00:00
SH603042, 华脉科技, 1496332800, 2017-06-02 00:00:00
SZ002878, 元隆雅图, 1496678400, 2017-06-06 00:00:00
SZ300660, 江苏雷利, 1496332800, 2017-06-02 00:00:00
SH603200, 上海洗霸, 1496246400, 2017-06-01 00:00:00
SH603326, 我乐家居, 1497542400, 2017-06-16 00:00:00
SZ002875, 安奈儿, 1496246400, 2017-06-01 00:00:00
SH603196, 日播时尚, 1496160000, 2017-05-31 00:00:00
SZ300658, 延江股份, 1496332800, 2017-06-02 00:00:00
SZ300659, 中孚信息, 1495728000, 2017-05-26 00:00:00
SZ002876, 三利谱, 1495641600, 2017-05-25 00:00:00
SH603580, 艾艾精工, 1495641600, 2017-05-25 00:00:00
SH603855, 华荣股份, 1495555200, 2017-05-24 00:00:00
SZ300657, 弘信电子, 1495468800, 2017-05-23 00:00:00
SZ300655, 晶瑞股份, 1495468800, 2017-05-23 00:00:00
SH603383, 顶点软件, 1495382400, 2017-05-22 00:00:00
SZ002872, 天圣制药, 1495123200, 2017-05-19 00:00:00
SH603197, 保隆科技, 1495123200, 2017-05-19 00:00:00
SZ300656, 民德电子, 1495123200, 2017-05-19 00:00:00
SZ002873, 新天药业, 1495123200, 2017-05-19 00:00:00
SH603269, 海鸥股份, 1494950400, 2017-05-17 00:00:00
SH603758, 秦安股份, 1494950400, 2017-05-17 00:00:00
SZ300652, 雷迪克, 1494864000, 2017-05-16 00:00:00
SH603488, 展鹏科技, 1494864000, 2017-05-16 00:00:00
SZ002870, 香山股份, 1494777600, 2017-05-15 00:00:00
SH601952, 苏垦农发, 1494777600, 2017-05-15 00:00:00
SZ300653, 正海生物, 1494864000, 2017-05-16 00:00:00
SH603180, 金牌厨柜, 1494518400, 2017-05-12 00:00:00
SZ002869, 金溢科技, 1494777600, 2017-05-15 00:00:00
SZ002871, 伟隆股份, 1494432000, 2017-05-11 00:00:00
SH603086, 先达股份, 1494432000, 2017-05-11 00:00:00
SH603113, 金能科技, 1494432000, 2017-05-11 00:00:00
SH603896, 寿仙谷, 1494345600, 2017-05-10 00:00:00
SH603926, 铁流股份, 1494345600, 2017-05-10 00:00:00
SH603229, 奥翔药业, 1494259200, 2017-05-09 00:00:00
SH603728, 鸣志电器, 1494259200, 2017-05-09 00:00:00
SH603985, 恒润股份, 1493913600, 2017-05-05 00:00:00
SZ300649, 杭州园林, 1493913600, 2017-05-05 00:00:00
SZ300651, 金陵体育, 1494259200, 2017-05-09 00:00:00
SH603501, 韦尔股份, 1493827200, 2017-05-04 00:00:00
SZ300643, 万通智控, 1493913600, 2017-05-05 00:00:00
SZ300650, 太龙照明, 1493740800, 2017-05-03 00:00:00
SH603505, 金石资源, 1493740800, 2017-05-03 00:00:00
SZ002868, 绿康生化, 1493740800, 2017-05-03 00:00:00
SZ300647, 超频三, 1493740800, 2017-05-03 00:00:00
SH603320, 迪贝电气, 1493654400, 2017-05-02 00:00:00
SZ002867, 周大生, 1493222400, 2017-04-27 00:00:00
SH603787, 新日股份, 1493222400, 2017-04-27 00:00:00
SZ002866, 传艺科技, 1493136000, 2017-04-26 00:00:00
SZ300514, 友讯达, 1493136000, 2017-04-26 00:00:00
SH603096, 新经典, 1493049600, 2017-04-25 00:00:00
SH603920, 世运电路, 1493136000, 2017-04-26 00:00:00
SZ002865, 钧达股份, 1493049600, 2017-04-25 00:00:00
SZ300648, 星云股份, 1493049600, 2017-04-25 00:00:00
SZ300642, 透景生命, 1492704000, 2017-04-21 00:00:00
SZ300645, 正元智慧, 1492704000, 2017-04-21 00:00:00
SH603232, 格尔软件, 1492704000, 2017-04-21 00:00:00
SZ300554, 三超新材, 1492704000, 2017-04-21 00:00:00
SH603081, 大丰实业, 1492617600, 2017-04-20 00:00:00
SH603139, 康惠制药, 1492704000, 2017-04-21 00:00:00
SH603225, 新凤鸣, 1492444800, 2017-04-18 00:00:00
SH603803, 瑞斯康达, 1492617600, 2017-04-20 00:00:00
SZ002863, 今飞凯达, 1492444800, 2017-04-18 00:00:00
SZ300641, 正丹股份, 1492444800, 2017-04-18 00:00:00
SZ300604, 长川科技, 1492358400, 2017-04-17 00:00:00
SZ300640, 德艺文创, 1492358400, 2017-04-17 00:00:00
SH603050, 科林电气, 1492099200, 2017-04-14 00:00:00
SH603826, 坤彩科技, 1492099200, 2017-04-14 00:00:00
SZ002861, 瀛通通讯, 1492012800, 2017-04-13 00:00:00
SH603797, 联泰环保, 1492012800, 2017-04-13 00:00:00
SZ300637, 扬帆新材, 1491926400, 2017-04-12 00:00:00
SZ300639, 凯普生物, 1491926400, 2017-04-12 00:00:00
SH601366, 利群股份, 1491926400, 2017-04-12 00:00:00
SZ002860, 星帅尔, 1491926400, 2017-04-12 00:00:00
SZ002862, 实丰文化, 1491840000, 2017-04-11 00:00:00
SH603078, 江化微, 1491753600, 2017-04-10 00:00:00
SZ300638, 广和通, 1492012800, 2017-04-13 00:00:00
SH603538, 美诺华, 1491494400, 2017-04-07 00:00:00
SZ300632, 光莆股份, 1491408000, 2017-04-06 00:00:00
SZ300633, 开立医疗, 1491408000, 2017-04-06 00:00:00
SH603586, 金麒麟, 1491408000, 2017-04-06 00:00:00
SH603906, 龙蟠科技, 1491753600, 2017-04-10 00:00:00
SZ300635, 达安股份, 1490889600, 2017-03-31 00:00:00
SH603385, 惠达卫浴, 1491321600, 2017-04-05 00:00:00
SZ002859, 洁美科技, 1491494400, 2017-04-07 00:00:00
SZ300636, 同和药业, 1490889600, 2017-03-31 00:00:00
SH603041, 美思德, 1490803200, 2017-03-30 00:00:00
SH603303, 得邦照明, 1490803200, 2017-03-30 00:00:00
SH601228, 广州港, 1490716800, 2017-03-29 00:00:00
SH603178, 圣龙股份, 1490630400, 2017-03-28 00:00:00
SH603833, 欧派家居, 1490630400, 2017-03-28 00:00:00
SH603717, 天域生态, 1490544000, 2017-03-27 00:00:00
SZ002774, 快意电梯, 1490284800, 2017-03-24 00:00:00
SZ002858, 力盛赛车, 1490284800, 2017-03-24 00:00:00
SH603388, 元成股份, 1490284800, 2017-03-24 00:00:00
SH603768, 常青股份, 1490284800, 2017-03-24 00:00:00
SZ300630, 普利制药, 1490630400, 2017-03-28 00:00:00
SZ300629, 新劲刚, 1490284800, 2017-03-24 00:00:00
SZ300631, 久吾高科, 1490198400, 2017-03-23 00:00:00
SZ002857, 三晖电气, 1490198400, 2017-03-23 00:00:00
SZ300627, 华测导航, 1490025600, 2017-03-21 00:00:00
SH603656, 泰禾光电, 1490025600, 2017-03-21 00:00:00
SZ300626, 华瑞股份, 1489939200, 2017-03-20 00:00:00
SH603133, 碳元科技, 1489939200, 2017-03-20 00:00:00
SZ002855, 捷荣技术, 1490025600, 2017-03-21 00:00:00
SZ002856, 美芝股份, 1489939200, 2017-03-20 00:00:00
SH603179, 新泉股份, 1489680000, 2017-03-17 00:00:00
SH603517, 绝味食品, 1489680000, 2017-03-17 00:00:00
SZ300625, 三雄极光, 1489680000, 2017-03-17 00:00:00
SZ300628, 亿联网络, 1489680000, 2017-03-17 00:00:00
SH603811, 诚意药业, 1489507200, 2017-03-15 00:00:00
SZ300621, 维业股份, 1489593600, 2017-03-16 00:00:00
SZ300623, 捷捷微电, 1489420800, 2017-03-14 00:00:00
SH603903, 中持股份, 1489420800, 2017-03-14 00:00:00
SH603960, 克来机电, 1489420800, 2017-03-14 00:00:00
SZ300622, 博士眼镜, 1489507200, 2017-03-15 00:00:00
SH603630, 拉芳家化, 1489334400, 2017-03-13 00:00:00
SH603665, 康隆达, 1489334400, 2017-03-13 00:00:00
SZ300620, 光库科技, 1489075200, 2017-03-10 00:00:00
SH603955, 大千生态, 1489075200, 2017-03-10 00:00:00
SZ002852, 道道全, 1489075200, 2017-03-10 00:00:00
SH603991, 至正股份, 1488902400, 2017-03-08 00:00:00
SZ002853, 皮阿诺, 1489075200, 2017-03-10 00:00:00
SH603908, 牧高笛, 1488816000, 2017-03-07 00:00:00
SZ300616, 尚品宅配, 1488816000, 2017-03-07 00:00:00
SZ300618, 寒锐钴业, 1488729600, 2017-03-06 00:00:00
SH603138, 海量数据, 1488729600, 2017-03-06 00:00:00
SH603578, 三星新材, 1488729600, 2017-03-06 00:00:00
SZ002851, 麦格米特, 1488729600, 2017-03-06 00:00:00
SZ002850, 科达利, 1488384000, 2017-03-02 00:00:00
SZ300617, 安靠智电, 1488211200, 2017-02-28 00:00:00
SZ300619, 金银河, 1488297600, 2017-03-01 00:00:00
SH603238, 诺邦股份, 1487692800, 2017-02-22 00:00:00
SH603345, 安井食品, 1487692800, 2017-02-22 00:00:00
SH600939, 重庆建工, 1487606400, 2017-02-21 00:00:00
SZ300611, 美力科技, 1487520000, 2017-02-20 00:00:00
SH603817, 海峡环保, 1487520000, 2017-02-20 00:00:00
SZ300613, 富瀚微, 1487520000, 2017-02-20 00:00:00
SH603603, 博天环境, 1487260800, 2017-02-17 00:00:00
SZ002849, 威星智能, 1487260800, 2017-02-17 00:00:00
SH601212, 白银有色, 1487088000, 2017-02-15 00:00:00
SZ300612, 宣亚国际, 1487088000, 2017-02-15 00:00:00
SZ300615, 欣天科技, 1487088000, 2017-02-15 00:00:00
SZ002848, 高斯贝尔, 1486915200, 2017-02-13 00:00:00
SZ300609, 汇纳科技, 1487088000, 2017-02-15 00:00:00
SH603330, 上海天洋, 1486915200, 2017-02-13 00:00:00
SH603615, 茶花股份, 1486915200, 2017-02-13 00:00:00
SZ300610, 晨化股份, 1486915200, 2017-02-13 00:00:00
SH603208, 欧派股份, 1486656000, 2017-02-10 00:00:00
SH603839, 安正时尚, 1487001600, 2017-02-14 00:00:00
SZ300608, 思特奇, 1486915200, 2017-02-13 00:00:00
SH603040, 新坐标, 1486569600, 2017-02-09 00:00:00
SH603626, 科森科技, 1486569600, 2017-02-09 00:00:00
SZ300607, 拓斯达, 1486569600, 2017-02-09 00:00:00
SH603637, 镇海股份, 1486483200, 2017-02-08 00:00:00
SZ300601, 康泰生物, 1486396800, 2017-02-07 00:00:00
SZ300605, 恒锋信息, 1486483200, 2017-02-08 00:00:00
SH603177, 德创环保, 1486396800, 2017-02-07 00:00:00
SZ002846, 英联股份, 1486396800, 2017-02-07 00:00:00
SZ002847, 盐津铺子, 1486483200, 2017-02-08 00:00:00
SH603360, 百傲化学, 1486310400, 2017-02-06 00:00:00
SH603677, 奇精机械, 1486310400, 2017-02-06 00:00:00
SZ300606, 金太阳, 1486483200, 2017-02-08 00:00:00
SH603881, 数据港, 1486483200, 2017-02-08 00:00:00
SZ300602, 飞荣达, 1485360000, 2017-01-26 00:00:00
SZ300603, 立昂技术, 1485360000, 2017-01-26 00:00:00
SH603089, 正裕工业, 1485360000, 2017-01-26 00:00:00
SZ300578, 会畅通讯, 1485273600, 2017-01-25 00:00:00
SZ300600, 瑞特股份, 1485273600, 2017-01-25 00:00:00
SH603358, 华达科技, 1485273600, 2017-01-25 00:00:00
SH603966, 法兰泰克, 1485273600, 2017-01-25 00:00:00
SZ002845, 同兴达, 1485273600, 2017-01-25 00:00:00
SH603429, 集友股份, 1485187200, 2017-01-24 00:00:00
SZ002839, 张家港行, 1485187200, 2017-01-24 00:00:00
SZ300597, 吉大通信, 1485100800, 2017-01-23 00:00:00
SH601881, 中国银河, 1485100800, 2017-01-23 00:00:00
SZ300598, 诚迈科技, 1484841600, 2017-01-20 00:00:00
SZ300599, 雄塑科技, 1485100800, 2017-01-23 00:00:00
SH603037, 凯众股份, 1484841600, 2017-01-20 00:00:00
SH603638, 艾迪精密, 1484841600, 2017-01-20 00:00:00
SZ002843, 泰嘉股份, 1484841600, 2017-01-20 00:00:00
SH603337, 杰克股份, 1484755200, 2017-01-19 00:00:00
SZ002841, 视源股份, 1484755200, 2017-01-19 00:00:00
SZ300592, 华凯创意, 1484841600, 2017-01-20 00:00:00
SH601858, 中国科传, 1484668800, 2017-01-18 00:00:00
SZ300595, 欧普康视, 1484582400, 2017-01-17 00:00:00
SZ300596, 利安隆, 1484755200, 2017-01-19 00:00:00
SH603165, 荣晟环保, 1484582400, 2017-01-17 00:00:00
SH603668, 天马科技, 1484582400, 2017-01-17 00:00:00
SZ002842, 翔鹭钨业, 1484755200, 2017-01-19 00:00:00
SH603038, 华立股份, 1484496000, 2017-01-16 00:00:00
SZ300589, 江龙船艇, 1484236800, 2017-01-13 00:00:00
SZ300593, 新雷能, 1484236800, 2017-01-13 00:00:00
SH603039, 泛微网络, 1484236800, 2017-01-13 00:00:00
SH603690, 至纯科技, 1484236800, 2017-01-13 00:00:00
SZ002824, 和胜股份, 1484150400, 2017-01-12 00:00:00
SH603639, 海利尔, 1484150400, 2017-01-12 00:00:00
SZ300580, 贝斯特, 1484064000, 2017-01-11 00:00:00
SZ300584, 海辰药业, 1484150400, 2017-01-12 00:00:00
SH603579, 荣泰健康, 1484064000, 2017-01-11 00:00:00
SH603628, 清源股份, 1484150400, 2017-01-12 00:00:00
SZ300590, 移为通信, 1484064000, 2017-01-11 00:00:00
SH603266, 天龙股份, 1483977600, 2017-01-10 00:00:00
SH603689, 皖天然气, 1483977600, 2017-01-10 00:00:00
SZ300591, 万里马, 1483977600, 2017-01-10 00:00:00
SH603877, 太平鸟, 1483891200, 2017-01-09 00:00:00
SZ002840, 华统股份, 1483977600, 2017-01-10 00:00:00
SZ300583, 赛托生物, 1483632000, 2017-01-06 00:00:00
SH603228, 景旺电子, 1483632000, 2017-01-06 00:00:00
SZ002838, 道恩股份, 1483632000, 2017-01-06 00:00:00
SZ300587, 天铁股份, 1483545600, 2017-01-05 00:00:00
SH603032, 德新交运, 1483545600, 2017-01-05 00:00:00
SH603035, 常熟汽饰, 1483545600, 2017-01-05 00:00:00
SZ300588, 熙菱信息, 1483545600, 2017-01-05 00:00:00
SH603186, 华正新材, 1483372800, 2017-01-03 00:00:00
SH603444, 吉比特, 1483459200, 2017-01-04 00:00:00
SZ300586, 美联新材, 1483459200, 2017-01-04 00:00:00
SH603239, 浙江仙通, 1483027200, 2016-12-30 00:00:00
SZ002836, 新宏泽, 1482940800, 2016-12-29 00:00:00
SH603929, 亚翔集成, 1483027200, 2016-12-30 00:00:00
SZ300585, 奥联电子, 1482940800, 2016-12-29 00:00:00
SH603218, 日月股份, 1482854400, 2016-12-28 00:00:00
SZ002833, 弘亚数控, 1482854400, 2016-12-28 00:00:00
SZ002837, 英维克, 1482940800, 2016-12-29 00:00:00
SH601375, 中原证券, 1483372800, 2017-01-03 00:00:00
SZ300582, 英飞特, 1482854400, 2016-12-28 00:00:00
SH603886, 元祖股份, 1482854400, 2016-12-28 00:00:00
SZ002835, 同为股份, 1482854400, 2016-12-28 00:00:00
SH603298, 杭叉集团, 1482768000, 2016-12-27 00:00:00
SZ002832, 比音勒芬, 1482422400, 2016-12-23 00:00:00
SH600996, 贵广网络, 1482681600, 2016-12-26 00:00:00
SH603058, 永吉股份, 1482422400, 2016-12-23 00:00:00
SZ300579, 数字认证, 1482422400, 2016-12-23 00:00:00
SH603577, 汇金通, 1482336000, 2016-12-22 00:00:00
SZ300581, 晨曦航空, 1482163200, 2016-12-20 00:00:00
SH603416, 信捷电气, 1482249600, 2016-12-21 00:00:00
SZ300577, 开润股份, 1482249600, 2016-12-21 00:00:00
SH603823, 百合花, 1482163200, 2016-12-20 00:00:00
SZ300576, 容大感光, 1482163200, 2016-12-20 00:00:00
SH603878, 武进不锈, 1482076800, 2016-12-19 00:00:00
SZ300575, 中旗股份, 1482163200, 2016-12-20 00:00:00
SH603389, 亚振家居, 1481731200, 2016-12-15 00:00:00
SZ002831, 裕同科技, 1481817600, 2016-12-16 00:00:00
SH603585, 苏利股份, 1481644800, 2016-12-14 00:00:00
SZ002829, 星网宇达, 1481558400, 2016-12-13 00:00:00
SH603098, 森特股份, 1481817600, 2016-12-16 00:00:00
SZ002830, 名雕股份, 1481558400, 2016-12-13 00:00:00
SH603708, 家家悦, 1481558400, 2016-12-13 00:00:00
SZ300571, 平治信息, 1481558400, 2016-12-13 00:00:00
SH603928, 兴业股份, 1481472000, 2016-12-12 00:00:00
SZ300573, 兴齐眼药, 1481126400, 2016-12-08 00:00:00
SH603036, 如通股份, 1481212800, 2016-12-09 00:00:00
SZ002828, 贝肯能源, 1481126400, 2016-12-08 00:00:00
SH603990, 麦迪科技, 1481126400, 2016-12-08 00:00:00
SZ002827, 高争民爆, 1481212800, 2016-12-09 00:00:00
SH603033, 三维股份, 1481040000, 2016-12-07 00:00:00
SZ300570, 太辰光, 1480953600, 2016-12-06 00:00:00
SH600909, 华安证券, 1480953600, 2016-12-06 00:00:00
SZ300572, 安车检测, 1480953600, 2016-12-06 00:00:00
SZ002826, 易明医药, 1481212800, 2016-12-09 00:00:00
SH603319, 湘油泵, 1480435200, 2016-11-30 00:00:00
SZ300568, 星源材质, 1480521600, 2016-12-01 00:00:00
SH603559, 中通国脉, 1480608000, 2016-12-02 00:00:00
SZ002825, 纳尔股份, 1480348800, 2016-11-29 00:00:00
SH603660, 苏州科达, 1480521600, 2016-12-01 00:00:00
SZ002822, 中装建设, 1480348800, 2016-11-29 00:00:00
SH603323, 吴江银行, 1480348800, 2016-11-29 00:00:00
SZ300569, 天能重工, 1480003200, 2016-11-25 00:00:00
SH603819, 神力股份, 1480003200, 2016-11-25 00:00:00
SZ002823, 凯中精密, 1479916800, 2016-11-24 00:00:00
SH603336, 宏辉果蔬, 1479916800, 2016-11-24 00:00:00
SH603900, 通灵珠宝, 1479830400, 2016-11-23 00:00:00
SZ300567, 精测电子, 1479744000, 2016-11-22 00:00:00
SH603727, 博迈科, 1479744000, 2016-11-22 00:00:00
SZ300565, 科信技术, 1479744000, 2016-11-22 00:00:00
SH603987, 康德莱, 1479657600, 2016-11-21 00:00:00
SZ002821, 凯莱英, 1479398400, 2016-11-18 00:00:00
SH603858, 步长制药, 1479398400, 2016-11-18 00:00:00
SZ002820, 桂发祥, 1479398400, 2016-11-18 00:00:00
SH603633, 徕木股份, 1479312000, 2016-11-17 00:00:00
SZ300562, 乐心医疗, 1479225600, 2016-11-16 00:00:00
SZ300561, 汇金科技, 1479312000, 2016-11-17 00:00:00
SZ300566, 激智科技, 1479139200, 2016-11-15 00:00:00
SH601229, 上海银行, 1479225600, 2016-11-16 00:00:00
SZ300563, 神宇股份, 1479052800, 2016-11-14 00:00:00
SH603977, 国泰集团, 1478793600, 2016-11-11 00:00:00
SH603556, 海兴电力, 1478707200, 2016-11-10 00:00:00
SH603060, 国检集团, 1478620800, 2016-11-09 00:00:00
SZ002819, 东方中科, 1478793600, 2016-11-11 00:00:00
SH603203, 快克股份, 1478534400, 2016-11-08 00:00:00
SZ300558, 贝达药业, 1478448000, 2016-11-07 00:00:00
SZ300556, 丝路视觉, 1478188800, 2016-11-04 00:00:00
SH601882, 海天精工, 1478448000, 2016-11-07 00:00:00
SZ002818, 富森美, 1478620800, 2016-11-09 00:00:00
SZ300557, 理工光科, 1477929600, 2016-11-01 00:00:00
SZ300560, 中富通, 1477929600, 2016-11-01 00:00:00
SH603716, 塞力斯, 1477843200, 2016-10-31 00:00:00
SZ300559, 佳发安泰, 1477929600, 2016-11-01 00:00:00
SH603888, 新华网, 1477584000, 2016-10-28 00:00:00
SH603258, 电魂网络, 1477411200, 2016-10-26 00:00:00
SH600926, 杭州银行, 1477497600, 2016-10-27 00:00:00
SZ002817, 黄山胶囊, 1477324800, 2016-10-25 00:00:00
SH603667, 五洲新春, 1477324800, 2016-10-25 00:00:00
SZ002816, 和科达, 1477324800, 2016-10-25 00:00:00
SH603859, 能科股份, 1476979200, 2016-10-21 00:00:00
SZ300552, 万集科技, 1476979200, 2016-10-21 00:00:00
SZ300553, 集智股份, 1476979200, 2016-10-21 00:00:00
SZ300550, 和仁科技, 1476720000, 2016-10-18 00:00:00
SZ300555, 路通视信, 1476720000, 2016-10-18 00:00:00
SH603160, 汇顶科技, 1476633600, 2016-10-17 00:00:00
SZ300551, 古鳌科技, 1476720000, 2016-10-18 00:00:00
SH603816, 顾家家居, 1476374400, 2016-10-14 00:00:00
SH603313, 恒康家居, 1476288000, 2016-10-13 00:00:00
SZ300548, 博创科技, 1476201600, 2016-10-12 00:00:00
SH603777, 来伊份, 1476201600, 2016-10-12 00:00:00
SZ002813, 路畅科技, 1476201600, 2016-10-12 00:00:00
SH603421, 鼎信通讯, 1476115200, 2016-10-11 00:00:00
SZ002815, 崇达技术, 1476201600, 2016-10-12 00:00:00
SH603887, 城地股份, 1476028800, 2016-10-10 00:00:00
SZ300547, 川环科技, 1475164800, 2016-09-30 00:00:00
SH601128, 常熟银行, 1475164800, 2016-09-30 00:00:00
SZ300549, 优德精密, 1475164800, 2016-09-30 00:00:00
SZ300546, 雄帝科技, 1474992000, 2016-09-28 00:00:00
SH603738, 泰晶科技, 1474992000, 2016-09-28 00:00:00
SZ300545, 联得装备, 1474992000, 2016-09-28 00:00:00
SH600908, 无锡银行, 1474560000, 2016-09-23 00:00:00
SZ300536, 农尚环境, 1474300800, 2016-09-20 00:00:00
SH601500, 通用股份, 1474214400, 2016-09-19 00:00:00
SZ300542, 新晨科技, 1474300800, 2016-09-20 00:00:00
SH603189, 网达软件, 1473782400, 2016-09-14 00:00:00
SZ300541, 先进数通, 1473696000, 2016-09-13 00:00:00
SH603067, 振华股份, 1473696000, 2016-09-13 00:00:00
SZ300534, 陇神戎发, 1473696000, 2016-09-13 00:00:00
SH603393, 新天然气, 1473609600, 2016-09-12 00:00:00
SZ002812, 创新股份, 1473782400, 2016-09-14 00:00:00
SH601163, 三角轮胎, 1473350400, 2016-09-09 00:00:00
SZ002811, 亚泰国际, 1473264000, 2016-09-08 00:00:00
SZ300543, 朗科智能, 1473264000, 2016-09-08 00:00:00
SH603843, 正平股份, 1473004800, 2016-09-05 00:00:00
SZ002807, 江阴银行, 1472745600, 2016-09-02 00:00:00
SH603658, 安图生物, 1472659200, 2016-09-01 00:00:00
SZ300539, 横河模具, 1472486400, 2016-08-30 00:00:00
SZ300537, 广信材料, 1472486400, 2016-08-30 00:00:00
SH603090, 宏盛股份, 1472572800, 2016-08-31 00:00:00
SZ002810, 山东赫达, 1472140800, 2016-08-26 00:00:00
SH603007, 花王股份, 1472140800, 2016-08-26 00:00:00
SZ300538, 同益股份, 1472140800, 2016-08-26 00:00:00
SZ002809, 红墙股份, 1471881600, 2016-08-23 00:00:00
SH603031, 安德利, 1471795200, 2016-08-22 00:00:00
SZ300540, 深冷股份, 1471881600, 2016-08-23 00:00:00
SH603515, 欧普照明, 1471536000, 2016-08-19 00:00:00
SZ300533, 冰川网络, 1471449600, 2016-08-18 00:00:00
SH603986, 兆易创新, 1471449600, 2016-08-18 00:00:00
SH601595, 上海电影, 1471363200, 2016-08-17 00:00:00
SZ300532, 今天国际, 1471449600, 2016-08-18 00:00:00
SH601997, 贵阳银行, 1471276800, 2016-08-16 00:00:00
SH600936, 广西广电, 1471190400, 2016-08-15 00:00:00
SZ002808, 苏州恒久, 1470931200, 2016-08-12 00:00:00
SH603159, 上海亚虹, 1470931200, 2016-08-12 00:00:00
SZ300535, 达威股份, 1470931200, 2016-08-12 00:00:00
SH603569, 长久物流, 1470758400, 2016-08-10 00:00:00
SZ300530, 达志科技, 1470672000, 2016-08-09 00:00:00
SH600977, 中国电影, 1470672000, 2016-08-09 00:00:00
SH601811, 新华文轩, 1470585600, 2016-08-08 00:00:00
SZ300531, 优博讯, 1470672000, 2016-08-09 00:00:00
SZ300528, 幸福蓝海, 1470585600, 2016-08-08 00:00:00
SZ300527, 华舟应急, 1470326400, 2016-08-05 00:00:00
SZ300529, 健帆生物, 1470067200, 2016-08-02 00:00:00
SZ300526, 中潜股份, 1470067200, 2016-08-02 00:00:00
SH600919, 江苏银行, 1470067200, 2016-08-02 00:00:00
SH603663, 三祥新材, 1469980800, 2016-08-01 00:00:00
SH603322, 超讯通信, 1469635200, 2016-07-28 00:00:00
SZ300525, 博思软件, 1469462400, 2016-07-26 00:00:00
SZ002806, 华锋股份, 1469462400, 2016-07-26 00:00:00
SZ300523, 辰安科技, 1469462400, 2016-07-26 00:00:00
SZ300517, 海波重科, 1468857600, 2016-07-19 00:00:00
SZ002803, 吉宏股份, 1468252800, 2016-07-12 00:00:00
SH603069, 海汽集团, 1468252800, 2016-07-12 00:00:00
SZ300520, 科大国创, 1467907200, 2016-07-08 00:00:00
SZ002805, 丰元股份, 1467820800, 2016-07-07 00:00:00
SZ300521, 爱司凯, 1467648000, 2016-07-05 00:00:00
SZ300522, 世名科技, 1467648000, 2016-07-05 00:00:00
SH601966, 玲珑轮胎, 1467734400, 2016-07-06 00:00:00
SH603016, 新宏泰, 1467302400, 2016-07-01 00:00:00
SZ002802, 洪汇新材, 1467129600, 2016-06-29 00:00:00
SH603958, 哈森股份, 1467129600, 2016-06-29 00:00:00
SH603909, 合诚股份, 1467043200, 2016-06-28 00:00:00
SZ300518, 盛讯达, 1466697600, 2016-06-24 00:00:00
SZ002801, 微光股份, 1466524800, 2016-06-22 00:00:00
SZ300519, 新光药业, 1466697600, 2016-06-24 00:00:00
SH601127, 小康股份, 1465920000, 2016-06-15 00:00:00
SZ300515, 三德科技, 1465315200, 2016-06-08 00:00:00
SZ002799, 环球印务, 1465315200, 2016-06-08 00:00:00
SH603131, 上海沪工, 1465228800, 2016-06-07 00:00:00
SH601611, 中国核建, 1465142400, 2016-06-06 00:00:00
SZ300516, 久之洋, 1464796800, 2016-06-02 00:00:00
SH603737, 三棵树, 1464883200, 2016-06-03 00:00:00
SZ002800, 天顺股份, 1464537600, 2016-05-30 00:00:00
SZ300513, 恒泰实达, 1464537600, 2016-05-30 00:00:00
SZ300512, 中亚股份, 1464192000, 2016-05-26 00:00:00
SZ002798, 帝王洁具, 1464105600, 2016-05-25 00:00:00
SH603339, 四方冷链, 1463587200, 2016-05-19 00:00:00
SH603959, 百利科技, 1463414400, 2016-05-17 00:00:00
SH603779, 威龙股份, 1463328000, 2016-05-16 00:00:00
SZ002797, 第一创业, 1462896000, 2016-05-11 00:00:00
SZ002796, 世嘉科技, 1462809600, 2016-05-10 00:00:00
SZ300510, 金冠电气, 1462464000, 2016-05-06 00:00:00
SH603101, 汇嘉时代, 1462464000, 2016-05-06 00:00:00
SZ300511, 雪榕生物, 1462291200, 2016-05-04 00:00:00
SH603528, 多伦科技, 1462204800, 2016-05-03 00:00:00
SZ300507, 苏奥传感, 1461859200, 2016-04-29 00:00:00
SZ002795, 永和智控, 1461772800, 2016-04-28 00:00:00
SH603822, 嘉澳环保, 1461772800, 2016-04-28 00:00:00
SH603029, 天鹅股份, 1461686400, 2016-04-27 00:00:00
SZ300509, 新美星, 1461513600, 2016-04-25 00:00:00
SH603726, 朗迪集团, 1461168000, 2016-04-21 00:00:00
SZ300508, 维宏股份, 1460995200, 2016-04-19 00:00:00
SZ002793, 东音股份, 1460649600, 2016-04-15 00:00:00
SH603868, 飞科电器, 1460908800, 2016-04-18 00:00:00
SH603701, 德宏股份, 1460390400, 2016-04-12 00:00:00
SH603798, 康普顿, 1459872000, 2016-04-06 00:00:00
SZ300474, 景嘉微, 1459353600, 2016-03-31 00:00:00
SH603028, 赛福天, 1459353600, 2016-03-31 00:00:00
SZ002791, 坚朗五金, 1459180800, 2016-03-29 00:00:00
SZ002792, 通宇通讯, 1459094400, 2016-03-28 00:00:00
SZ300506, 名家汇, 1458748800, 2016-03-24 00:00:00
SZ300484, 蓝海华腾, 1458576000, 2016-03-22 00:00:00
SH603861, 白云电器, 1458576000, 2016-03-22 00:00:00
SZ300505, 川金诺, 1457971200, 2016-03-15 00:00:00
SH601020, 华钰矿业, 1458057600, 2016-03-16 00:00:00
SZ002789, 建艺集团, 1457625600, 2016-03-11 00:00:00
SH603919, 金徽酒, 1457539200, 2016-03-10 00:00:00
SZ300503, 昊志机电, 1457452800, 2016-03-09 00:00:00
SH603520, 司太立, 1457452800, 2016-03-09 00:00:00
SZ002790, 瑞尔特, 1457366400, 2016-03-08 00:00:00
SH603027, 千禾味业, 1457280000, 2016-03-07 00:00:00
SZ300502, 新易盛, 1456934400, 2016-03-03 00:00:00
SH603608, 天创时尚, 1455724800, 2016-02-18 00:00:00
SZ002788, 鹭燕医药, 1455724800, 2016-02-18 00:00:00
SH601900, 南方传媒, 1455465600, 2016-02-15 00:00:00
